shap_Bio1,shap_Bio2,shap_Bio3,shap_Bio4,shap_Bio5,shap_Bio6,shap_Bio7,shap_Bio8,shap_Bio9,shap_Bio10,shap_Bio11,shap_Bio12,shap_Bio13,shap_Bio14,shap_Bio15,shap_Bio16,shap_Bio17,shap_Bio18,shap_Bio19,shap_Elevation,shap_LandCover,shap_Soilgrid-bdod,shap_Soilgrid-cec,shap_Soilgrid-cfvo,shap_Soilgrid-clay,shap_Soilgrid-nitrogen,shap_Soilgrid-phh2o,shap_Soilgrid-sand,shap_Soilgrid-silt,shap_Soilgrid-soc
-0.21341591000249693,0.6215759796064012,0.047252781560506274,-0.3694625369021787,0.16251554419856418,-0.43482136496561097,-0.06892713010400764,0.09769243444732056,-0.5824635079020272,-0.4352249905850174,-0.4259797430226874,0.030157603596326243,0.01673017677263655,0.6448903068179066,-0.028560019754744537,0.03184383696436566,0.18771279279443998,-0.4358804869834606,-0.28245450884689893,2.1538005615878566,0.04653747409868625,-0.03899532970285813,-0.30757576895809635,0.5370294306058759,-0.2586294591553062,-0.1071165929085951,0.13313219160573797,0.018039590696785734,-0.34480380978863456,-0.07200884296096277
0.5779781558355849,-0.4077969917916071,-0.002301902363848529,-0.19055649692503518,0.15453305383810945,0.09597896358909208,-0.2698778587466919,-0.03674996142050002,-0.3949080370747393,0.956400016951633,0.10478613657863023,-0.03307774456114432,-0.0966647887044193,-0.04497018372818273,-0.11818604097489804,-0.040714033136902694,0.01887532977089068,-0.33843790983261424,-0.34906670313610977,-1.0781020559299301,-0.19782630108532906,-0.0011923895201065848,0.006136924870033034,-0.4641899137961226,0.07942819419720737,0.011023596853986684,-0.018186387045773467,-0.20041627797643502,-0.0007771741985842517,0.01547450258871319
-0.6255518914928426,-0.8701471482388635,-0.10958814403497996,-0.5063681278303567,-0.27986472121468164,-0.5407738566081286,-0.30815180985529633,0.011229838862310326,-0.06764366233007246,-0.3837451982589659,-0.46799543620371675,-0.030928460984898654,0.48858145679015264,0.06367515726016748,0.8665209674556726,0.15928849037789927,0.038550351429756824,-0.4112962559475598,-0.33027795656884706,-0.6952675019572212,0.1281797457711219,-0.05833304638472059,0.09682359594494094,-0.4180477261153437,-0.1236684106556375,0.005730238635926144,-0.031056273737136153,-0.34754858137442657,-0.2561939579251331,-0.09351185500692916
0.5340806368792909,-0.30430249063992554,0.04121879588451216,-0.05216266943976644,-0.16373623353968536,0.16786981995375472,-0.41080202280552847,-0.06471270170704013,0.31229128566951836,-0.4499681798877019,0.22445158851253988,-0.03461100763879599,0.713028161684669,0.019984616146922596,-0.3411135966762685,0.4275148132374852,-0.16916668359951648,-0.4047512562022457,0.11122610941782374,-0.6028660767687204,0.4724950972310239,0.13008545880577016,-0.027695307602790598,-0.31279140004023576,0.03275282195653373,-0.014586599854264914,0.2534597613890369,-0.24182876781325302,-0.27754656959581614,-0.09459442991630052
-0.2307887161753327,-0.9047076892480418,-0.14410208607757524,-0.09655124479554889,0.07763650769988206,-0.3002987775645024,-0.46163905692284124,-0.3583335465197216,0.06556175186543511,-0.6456472650914351,0.19944427170316603,-0.08811561692824932,0.3751662343755774,-0.28738890676432705,-0.8186503434438079,0.010786681539403764,-0.050522355799938024,1.453786654004251,-0.13533340500557078,-1.363099057277906,0.12143770201666515,-0.07779126487739141,-0.10263940475680189,0.4420994340713513,-0.19332273743046413,0.009320387307333533,-0.025306352308762325,-0.05050684748950829,-0.23492539383815958,0.14937772963738893
-0.5516201227445062,-0.803538388308668,-0.11265610495027534,-0.493909298960968,-0.39755491235956775,-0.4801323922658042,-0.25564562457612117,0.25585796028839636,-0.40727871766889423,-0.4424711824677444,-0.43239325767287806,-0.11535762187607834,-0.07489169028285836,-0.3930341751116839,0.40922454811811426,-0.12550046316520336,0.19424112437730312,-0.36443363170620136,-0.4878020535684584,-0.9077173023409131,0.09770666261774319,-0.022923906744806155,0.13017380037326942,-0.44910552805648507,0.1343861433548864,0.20038191351706924,0.1056246506275389,-0.22148562714367925,0.043870191479338794,0.082902949786681
1.0574404388901892,-0.08808093955434171,-0.030260354346501206,1.1725164047014187,-0.4893865752735085,1.8603772555124605,0.6918235428799516,0.08409243809522793,0.5719240532673874,0.43955275085904855,0.7524810333851222,-0.2657651521344877,-0.19541686413762227,-0.09812014213118359,-0.7609698552974555,-0.019546808097123947,0.09231494187227285,0.6367315630713052,-0.017593642004800736,1.9538066603752535,0.026270320181213114,0.07881277418692167,-0.27628023350581254,0.15311513670204469,-0.6713670558090947,0.055349545191029415,-0.18423870358159666,-0.6748223944589712,-0.3172218179369851,-0.11248216122171262
0.6579017274162873,-0.22334872151341312,0.01806247372882963,-0.3812212580360338,0.1258211126537211,0.10688070319791054,-0.16580195268328668,0.12782459632624865,-0.2837174685478915,1.160596275620363,0.2589476587207309,-0.04924467142639344,-0.0653434170887125,0.30143314258853227,-0.2810956577434909,-0.06174737597158808,0.0821080236627133,-0.19971970505953174,-0.27245118667253954,-0.6473706817742921,0.09433741437575083,-0.02568110340406604,0.0031021293787496518,-0.5047997667883624,0.2223920422834711,-0.06746273264353853,0.12601790967697102,-0.14263203594800122,-0.12369844308086675,-0.08234688646920274
-0.07381636747371534,-0.2326879897505305,0.0015817416937721207,-0.27609131503961903,0.02704030024349524,-0.501822373324025,0.009886211784111754,-0.04003182201694255,-0.33885404370566063,1.243063325249722,-0.2974706243890324,0.03453495663457917,-0.11020198707692463,-0.027135459144865703,-0.6543678712553842,-0.11701708954000767,0.07282454548471484,-0.2899438833693473,-0.22014238953328524,-0.26668258702512737,-0.3744455313380656,0.18672048274517183,0.10732724592351317,-0.3809014166988627,0.21773857775487482,-0.0017961893388303007,-0.002758050535126899,0.08084510532093514,-0.11770896034603329,-0.01988604854531295
0.7380880522611345,-0.4276741045905842,0.01616703615307824,0.08192865526183846,0.06503384515079702,0.06804476507773227,-0.3501909474784549,0.04887457153686425,-0.1999402376868329,0.8586524482572,0.14225360304204415,0.03144539964649473,-0.05009464696774746,0.14355247094002233,0.08143454768075431,-0.03900264910078288,0.13054456221655986,-0.198568525195138,-0.24836778680543914,-0.8025442455812398,-0.7328823767132638,-0.013849664979404985,0.11136572481844265,-0.2994992139928413,0.23805808949719753,0.007770964981655415,0.029119571246798537,-0.16828626340108,-0.15937818706037443,-0.06650387305493266
-0.6329839909035428,-0.7609575327845762,-0.03070647601587817,-0.4588439787965136,-0.3913565529925399,-0.30401843176439347,-0.40341451721346144,0.04799623849303847,-0.32299806533071773,-0.5632035152061575,-0.41711317687983185,-0.02011896774261157,-0.16907123305419003,0.06616802149204537,-0.05699579549317568,-0.022058948402940426,0.08476441858548467,-0.6421389490077167,-0.3453045527475985,-0.8231622767753113,0.035639422257640496,0.05111026790395967,0.049034676253748466,-0.26097787772518777,0.007628013593537597,-0.004857904427369664,-0.14887069056908753,-0.2812516159145618,-0.10447318100524705,-0.07814031902947971
0.2270057573836325,1.8389589109909072,0.04273808581018723,-0.36552351604266453,0.3982587978146027,-0.43739249264452995,0.2054745214497341,-0.10354046528179628,-0.5154647991190252,-0.3610642310079494,0.027832499036170355,0.08145822848117035,-0.11488527414453908,0.6208401833352587,0.8861234195474652,-0.08699890883244599,0.20095164682542577,-0.6057061188356082,-0.37093107171442197,1.708966843028234,-0.1921742045489272,0.056706561557525736,0.0442934747140612,0.47227128187882794,0.4315622612334873,-0.20529860986802617,0.5459747656599562,0.5600643690741387,0.2604516643544105,-0.09640661688094987
0.6162304278307223,-0.11774232632097847,0.007963649643798587,0.005489185669608321,0.198729346667601,-0.048281477764743674,-0.19271987653346034,-0.03552308629434153,0.32348196476611457,0.8263914085928642,0.2811432762895715,0.008614720377870033,0.21170364959460009,0.046987995581964315,-0.004190127712507485,0.07112269332054633,-0.04780076916006948,-0.26740964051926097,-0.25879501526216453,-0.8514377893426422,0.3471915897845491,0.006907416231907715,0.003924221448639353,-0.18600541999661901,0.1193987186688561,0.027347708263745107,0.1484595577033031,-0.07067815772326924,-0.1012736818489951,-0.07759435682822347
0.486844928760537,-0.416239990402434,-0.005210612295014849,-0.3042706261806265,0.15287935853302437,-0.0012708345700505053,-0.21517187651151481,0.014886457302146883,-0.3310016857874475,0.9967614546724654,0.15832159888913389,-0.026576834692036977,-0.08069331928563617,0.07699844023978453,-0.37314407452306086,-0.06408709816229408,0.06687296019570554,-0.25954795455290625,-0.32551888924275263,-1.0282284985127945,-0.4087026163283334,0.00011580552012613321,-0.09934265605994586,-0.6026081831883138,0.23241083858925793,-0.03314121648975854,0.14185462500882196,-0.12162879750123123,0.04266202756048498,-0.08720026718236229
-0.6859138158028132,-0.7747607027525028,-0.10314856530929739,-0.6037180279216059,-0.2375672221577082,-0.49292659471820977,-0.3733741531424476,0.02413936861184096,-0.3508944017990686,-0.6050224335062097,-0.4704384135080849,-0.011992201468179031,0.5044494126071861,0.11413130223453505,1.1938908015814693,0.25950046947406025,0.010844792205127907,-0.5527106752513106,-0.36678588908367915,-0.7872730981583934,-0.5789149736146233,-0.06826066302825629,0.05488502377320181,-0.3989511171724296,-0.027875876266153288,0.032964352164962296,-0.07895048808007943,-0.5176596629105038,-0.261102581076041,0.12191183259380267
-0.5617148250526214,-0.7866253249613855,-0.04905825359362104,-0.39977504462390745,-0.378888541842602,-0.2863483459679649,-0.4686698263667797,0.10618878948606314,-0.24398666621880516,-0.3311290194184038,-0.5148031958637593,0.00663223545829239,0.1919747632805634,-0.026496278534142714,0.15132429524461755,-0.0565219680872141,0.016520260506302953,-0.2904916678140482,-0.34562470106450227,-0.8258846294544675,0.016352192637644425,-0.06172766049843126,-0.01322221744092933,-0.5849877618981241,0.0752308874696691,0.021258220667609518,-0.05919847884444418,-0.39813611691262674,-0.08216250816828341,-0.07805582848442183
-0.6628964311532768,-0.8208031218507127,-0.13297230059849696,-0.6420697431188717,-0.15074096604739284,-0.47907919062730797,-0.38062044007838014,-0.05531948553634092,-0.2516722546875768,-0.6041935419305311,-0.48093763867041883,-0.008742339637293761,0.4197666369194427,-0.23654186287673384,1.1683166711541995,0.23549213113676604,-0.018153203417799135,-0.5055754562334962,-0.30839469815839005,-0.7240520596241499,-0.07498723394732432,-0.06145257604772336,0.402865980866308,-0.17664124214411403,0.01567514495203004,-0.01816483101779054,-0.25611674933158945,-0.4143203860351862,-0.385771886268811,0.024704432986908165
0.1505973132733004,-0.39626194580371266,0.017682273891048927,-0.5430519879948352,0.12976965844136867,-0.12059274289471478,-0.2297254921943449,-0.4264828409347572,-0.6348272409864598,0.7850367820283254,-0.002096059790085425,-0.07180149721065898,-0.12125735294194206,0.10360230219976352,-0.40720987846722656,-0.11519983672275491,0.04194165230434932,-0.32456731027107066,-0.274213567574351,-0.6262907833174571,-0.23488745608669903,-0.019823145692941302,-0.010915319918489597,-0.6293242298465828,0.15919822267604666,-0.024147608575828095,0.04508081642297734,-0.12873846538302436,-0.16478928759736478,-0.08461339029102988
-0.1657083228148548,-0.6105911284462081,-0.10817838170853633,0.7490295022388752,0.10683252461212744,0.972017036728897,-0.039318217123535004,0.06184229662579854,-0.7324069417116565,-0.3608559136960756,-0.2663747914590713,0.2532322481828486,-0.20780618247923333,3.5357260999518916,3.600908428304833,0.014012303817786065,0.9929051310666658,1.4056611354917257,0.0068038337867084575,4.352781221962697,0.052055827178845604,0.43371697795280084,0.47472093183275355,-0.18692237399184797,3.1166262495078527,0.10165111978966368,0.5230639893959567,0.991378619614409,-0.334927012392516,0.04504353215609469
0.41522825597289836,-0.4255484511198576,0.025322604843519447,-0.4642679646174003,0.14274011953789412,0.08558274162812196,-0.2638191955628464,-0.04063383751774896,-0.30785951828654157,0.9487483560434461,-0.024841197283980265,0.06010342343411146,-0.09058195287573001,0.1485420806277814,-0.27916427823692624,-0.09381880157429823,0.13074212648696004,-0.34138820434231587,-0.26392316505132607,-0.7192102209192865,-0.22689377058950655,0.025184610402615548,0.02622301299184815,-0.5013368535448838,0.1618596836281192,-0.023904604949820718,0.013214798638931047,-0.0938575086182013,-0.24272288747976234,-0.06839561835297181
0.08487543138105624,-0.20184208415578042,-0.039383594059511084,0.14923380282228516,0.17609819851622055,-0.10469325624093806,-0.26359996178981926,-0.28759915141344616,0.1943951784242085,-0.3975454193715504,0.10143412206220992,-0.011367756829071984,0.20433277362034463,-0.03165809793977081,0.06568777270240378,0.29170675169722715,-0.06956606034419988,-0.3895601745071714,-0.26043010898183205,-0.5613030461823735,0.05628765167052585,0.06156656131367111,0.08856279904096287,-0.49197407622924116,0.1345379614163742,0.03345961168076883,0.1831239663022075,-0.14807574289917813,-0.22657319623123662,-0.0005318714219851861
-0.47041905391416794,0.20511853393034118,0.047594155805421035,-0.5115635074902818,-0.10819446961042989,-0.175883053582362,-0.35686711082931377,0.005043785487683472,-0.43794387428397497,-0.17363896290881975,-0.6177304983124875,-0.025919302075368078,0.04868451598713519,1.122000442046562,0.7080005738290748,-0.029315725524246328,0.3058031022735864,0.055962586073253884,-0.2537961073323026,2.2641566283644456,0.245902308374096,-0.0388481127582907,-0.04399527239667167,0.12203879654763927,-0.25704051189021837,0.04862896440794262,-0.05297997774362273,-0.3048081722598197,-0.24450525415011404,-0.11336915059056596
-0.5825096901756613,-0.8374139014432596,-0.02458933901563265,-0.5542652196368103,-0.24319081442201895,-0.3299254369938468,-0.4483907063494522,-0.21870570046025362,-0.29848314832289813,-0.41386604320818565,-0.3922507923925017,-0.06437530538463021,-0.07856738407127406,0.04253935240103479,0.041573488150365656,-0.029156990969758545,0.07563912230320435,-0.5409983077410373,-0.2687551182819726,-1.0052377812610827,-0.16105355686093392,0.016824438544860376,-0.073601867938756,-0.4886342805685643,0.2282335337883874,0.8729409869727172,0.1039952003053054,-0.05408078515639325,-0.20193137182874388,-0.10031083001757113
0.5672665920058684,-0.3133614081663043,-0.0066922057422630354,-0.21760138189645417,0.07142219338326106,-0.015950262420552974,-0.3556311232525631,0.0598180329328345,-0.046099118091451285,0.851460112607622,0.2794880879931414,0.0033810689446293063,0.18380337825436677,0.024720671956745877,-0.1638367929049368,0.05415958669787946,0.0025075444942339598,-0.357523616396609,-0.31195085125779265,-0.9683449380110877,-0.45462163184940896,-0.046382543116445185,-0.11574478978967362,-0.4266748585636939,0.059339825449419625,0.03536541166065499,-0.09281287526022419,-0.31174792166608745,-0.3004196269204056,0.059461088615540336
-0.37084202149777634,-0.4304813095526002,0.014148478687818211,-0.019775136782564817,0.26543270667755137,-0.3612406283480275,-0.07861261759794902,-0.11241447656517212,-0.33483453618530723,-0.6876215328682633,0.4695560424902381,-0.06830563771827558,-0.1388264514018258,0.043733537224752816,-0.9679630682132319,0.18919707197888724,-0.24265158174824575,0.7892845256603925,-0.213579793710431,-1.6537744141647397,0.18945572751004658,0.024097882639928625,0.11995219322683126,-0.39977159375791305,0.2672475912864237,-0.10917492583032429,0.3323528278294865,0.04907274044629584,-0.27276342926578123,0.07146973879507612
-0.5416918835096312,-0.17075219549061138,0.02284809755377193,-0.4858222439619625,-0.22528152228720866,-0.33970009846063953,-0.28736221881674306,0.13603250071205364,-0.5645145396264665,-0.19550274334432516,-0.5697158033221871,0.013550376129046415,0.04412442895473012,0.15576763926720216,-1.3233432237329035,0.03134937743433941,0.10667376816919338,-0.6445044478584439,-0.2237383266300509,2.6881154788583994,0.1826164144934207,0.020417276945265406,0.023147809517966578,0.3079002583906353,-0.014790387386876214,0.08672400784159828,-0.03272500626943742,-0.25362613633930753,-0.11356080833265048,-0.09917393506598426
0.15231888785100234,-0.27130649727253286,0.022662666958753297,0.0802785922113477,-0.1117285173786472,-0.012742138843093276,-0.40604971875487206,-0.22159727044829125,0.22474755709635597,-0.3471377222162866,0.1634140738747334,0.008817907927240798,0.5908960297058602,-0.038525892139646856,0.35578946338776485,0.6364017341841274,-0.0781242241578769,-0.5569109090046472,-0.1747408455783075,-0.8775102165191827,0.32179238203088123,0.14856940449274858,0.2468057287661808,-0.33108087432416156,0.04282553127858346,-0.07270976095211401,-0.009412529505433809,-0.058339955258993936,-0.1856396902594536,0.06574295209690528
0.8628517763170084,-0.24791648781892173,-0.002049304052964551,-0.040691512821321996,0.15802533537411778,-0.006199350462344766,-0.3200392505775682,-0.02593659300816642,0.5702520579185053,0.9087796958007092,0.0021348502993844276,-0.005925122325042054,-0.02202093265362015,0.09726956127789388,0.06487186706980808,-0.04358325114967321,0.06628706025629194,-0.2986673059984881,-0.2832953868575534,-0.9946662063313931,-0.04503648298102003,0.013584997905420448,0.067849041213208,-0.2284898155143832,0.30674111697957396,0.025418920636650744,0.19163816145319867,-0.2186493666922784,-0.12400039821601594,-0.09015021794082578
-0.06989883608673031,-0.1319394525687757,0.02605597160554929,-0.0008419397670693662,0.12029670132547943,-0.47299100720346454,-0.05699685289198253,-0.19791670351477542,0.3819808691627804,-0.7796731606550006,0.1105790489034939,-0.06387342335340962,0.21205764725624465,-0.5234414021151471,-1.7171261218429867,0.36539954543076425,-0.12939033544267875,1.4624676878188314,-0.33193431747094937,1.0478433627591743,0.33213812809303533,0.002448661440152433,0.08790687195120905,1.839593032006492,0.5536099088304239,-0.19210121506616018,0.5509535507560998,0.23265009310456997,-0.07703031807275151,-0.1965253339091626
-0.3990901952828657,-0.9363399847020468,-0.12102341541193185,0.08235646945208153,-0.0553371496251569,-0.4413240703081379,-0.33208246036408384,2.4708243788018276,0.0015349637505219782,-0.27330357365332614,-0.32508383746734604,0.11395513232056476,0.8543912164809536,-0.10332989529960046,2.849023055681527,0.4850021190585946,0.2209463936828,-0.09927614367995685,-0.1788791071852086,-0.6033334818401522,0.20622482568808154,0.02473087125289619,1.0608693178964304,0.49936200684362075,-0.03888701730323185,0.3564048602198986,0.5518548817132826,-0.05757604417595352,0.5260303536334507,0.35450314630574686
-0.5138013077275525,-1.229110904962476,-0.02660883619954868,-0.4184743477535414,-0.21412930780025763,-0.44939398805040953,-0.34376889071745464,-0.10307348212621648,0.03077599284306698,0.03680678748897648,-0.37741402645066224,-0.059342233914067455,-0.1159963417846619,0.25897585230058917,0.028882412933369794,-0.20791044206756149,0.2839840115769078,-0.347640859116246,-0.23183784316919354,-0.8169841683153258,-0.2188413615870365,0.5947335404602428,0.9942944658509594,-0.33150040692557825,0.07217965530127135,1.373512995220001,0.2354049102013005,-0.10958075756967456,-0.3509231342077942,-0.10423408751221508
-0.3619421667105627,-0.25284552433814844,0.010405033073348391,0.27199576464288155,0.2224262491831227,-0.3109650728666731,-0.29284832466516353,0.005104877883673198,0.23136343233417722,-0.32883649910920176,0.06437777414969037,0.0458191470114937,1.233941664657645,-0.16361573951216102,0.1515848320510914,0.7526163004850389,-0.10555838678086449,-0.45520370741535865,0.06669466174195715,-0.3270339463053227,0.18073879781437674,0.11155414683857134,-0.03147633480211587,-0.27438866785192695,0.03396928381253006,-0.044671523752332076,0.11048730472420809,-0.12024857530329158,-0.2830970292442946,-0.012884400971661325
0.36511230331287214,-0.19318943217269402,-0.0008630611690337853,-0.38088462123662126,0.10888608102656705,-0.30790745864140767,-0.0666301765050561,-0.45234858144584955,0.383281395393978,0.9586853729117323,-0.08903519824059303,0.08163349282747401,-0.026359138550039463,0.19329425205884698,-0.4108586609719218,0.0129452137867343,0.0231940044840081,-0.25578077228848684,-0.22420903170332762,-0.6248370735699873,-0.008498495108628323,-0.026711363731506954,-0.10634855169880164,-0.6842997548076697,0.16925720162631708,0.007315434506112717,-0.05730507810991714,-0.16252135792361777,-0.2591410447354664,-0.04512552677444648
-0.5250659873591229,-0.8787923366658574,-0.15380495531967453,-0.6191080344571829,-0.18230855661258705,-0.5384587424310492,-0.43504110332704327,0.10043957405040715,-0.04177643727056746,-0.24882478792289964,-0.36670447388940375,-0.01819308898038008,0.4588237382340721,0.3243267319540907,0.7028146518046149,0.11841014646433656,0.1793016352702288,-0.21426168051198513,-0.23531897527192724,-0.9549365403564061,0.39225840537884527,-0.0729437595171829,0.010023629743257212,-0.2966874051720354,-0.1544818224720288,0.019696558939664377,0.1953045267132698,-0.20763805380894285,-0.3101289618507739,0.11873544610390085
0.29094422489540905,-0.21661945095265334,-0.0072193257560471125,-0.4484276327090755,0.15449966033949913,-0.230840196162599,-0.20927715729753316,-0.3367820472544294,0.2627393883390686,0.9042415335821866,-0.1035630159419283,0.03125598327839274,-0.07429625023410247,0.2425307219570052,-0.47342357140814273,-0.040338535566690537,0.08733135682687387,-0.15524765065280655,-0.2176492162901631,-0.6541835089262015,0.30017370701628354,-0.012384731921569858,-0.12212238076243398,-0.6454194927404348,-0.09272060163032037,0.007128084633450382,0.13159792051855834,-0.2091857917460871,-0.23372382455272223,-0.05696343310078689
0.6573515851860746,-0.42496422273789713,-0.018871868638068112,-0.1596681776215807,0.1572259817954258,0.0682967686475272,-0.18349277457491642,-0.03179230832075475,-0.37962385518254793,1.0627804209666791,0.0394273962879409,-0.030258868848402787,-0.0778213603488227,-0.017743217681252643,-0.1539743447522225,-0.0560727226628005,0.06234201328076028,-0.33987554890318405,-0.3338458714480339,-0.9501363599023929,-0.28580757593997674,-0.005048684801640446,0.14767521899387037,-0.21242508088527667,0.16433624740553698,-0.031456221654687755,-0.017922062688865092,-0.1906798973101923,-0.14823878698757753,-0.03814981858375455
0.7332002915816247,0.4549215226326049,-0.024253576677268462,3.741766763101326,0.11450230242685322,2.141570461068488,2.7381340773510345,2.2658443036196827,1.4061029247868984,-0.18918209941798048,0.5678752537239521,0.2916177138587287,-0.07159846255290825,-0.40574667436780176,-0.9572570712786478,-0.011236441296117339,0.1860013025070787,1.2921506737433788,2.8490342667838418,2.018889543083809,-0.33411966202170884,0.0999220210369901,0.26100085520093197,0.1943307831566753,-0.41733385986868543,0.06922913560877797,0.0370555416744508,-0.4167856885341894,-0.055230513780377355,-0.11689075530238824
-0.5801568021047121,0.017664528322960726,0.003043946898307892,3.2772111782422657,-0.3964579810340577,1.3238415198264362,1.2536147185336382,2.9390670720227727,0.3500164905270392,-0.773973087499701,0.20253890029105004,0.12912821137324204,0.825948381409796,-0.48654577948256517,-0.9796235266931841,0.3719437732557226,-0.10333344684322487,-0.687033453582624,2.4652523012153558,-0.9265839068567647,0.10984945294390136,0.14270900038189593,0.2148742630492254,-0.6564273697074219,0.3777606057420163,-0.1843507948743076,-0.10057229543986479,0.13999714643998795,0.251595777191544,0.06461990697143039
-0.44975671120420546,-0.7626027032268679,-0.03906990515759734,-0.4042271953343528,-0.27320811160852787,-0.3830587521218206,-0.3511181059879144,0.021165804164811952,-0.038477587613056974,-0.21036210695796265,-0.3693016928253663,0.016870800408641307,0.4848625076429036,0.3524448186733474,0.3703753628826988,0.11226980212591153,0.15932759510423278,-0.1989748312499806,-0.23302261566632365,-0.8242600562191296,-0.27839292388757,0.17329214678336202,-0.013328506389357897,-0.39179046862107325,-0.028715903823459343,0.044509249331880385,-0.19470871123930833,-0.2580351305513263,-0.14991333179434596,-0.19257264460086054
-0.567703005618284,-0.8796427714946626,-0.005473959451599453,-0.3002440906255318,-0.24026743214181978,-0.3253081234809848,-0.44568140133206624,0.3201503349021225,-0.208643821452401,-0.3572175745992696,-0.39158545378682574,-0.06539578585169459,-0.13096721506395603,0.3003279650143006,0.13029866220519692,0.00032507090249256354,0.35409160930023076,-0.32546573594804895,-0.13526839756112485,-0.9137449953937961,-0.16863674922406935,0.0708751252056884,0.03691751076355787,-0.3085822741787112,-0.028083769358271837,1.4461814553846264,0.16689575663660594,-0.10559561264097328,-0.33108897820561634,-0.1592752239624673
0.42935813957866875,-0.26463585421154434,-0.0038594094548713986,-0.510685479904271,-0.0727304492454004,-0.2348067617209536,-0.08530637471825808,-0.23209258002399247,0.45909854435724085,0.9735089917443863,0.04929998034483707,-0.015880556893111963,-0.020697001028534,0.18722870835705263,-0.0641480568532885,-0.057972003190862376,0.10395408731224698,-0.39216516755445585,-0.23388811385672248,-0.8744099487770071,0.12335679445621239,-0.010830929340910789,-0.10652410644241506,-0.2708012210675371,0.22985237272090353,-0.0030573469472271464,0.026914414126869568,-0.22270918261731654,-0.21901139104640943,-0.06468561206565915
-0.7111278693573669,-1.3131364036917144,0.020170271743251256,0.9212471341837547,-0.2800850386231857,-0.502018379291567,-0.36991489892467677,-0.09224185402002405,-0.48228475903650925,-0.2775323370804441,-0.39146349218132526,-0.02633527397426849,-0.08174443453007574,0.29464320150686363,0.19004505453789844,-0.10662043761515705,-0.011844660949224095,-0.5602890170167263,-0.516192149665384,0.32576523389811485,-0.057876672326207856,0.03678302912877429,0.01236697770145978,-0.03267738032183809,-0.3620706579977362,-0.07612868882288581,-0.06322770697028413,0.5500850990940004,1.0193272380940281,-0.004218621210955509
-0.4201168063636317,-0.5474202458168025,-0.03605367536981441,0.7311281637037736,-0.009044799274370963,-0.5491924248783583,0.48613409901748417,-0.14020575022865944,-1.0328601441119174,-0.4494048095552474,-0.5688552726970916,-0.14273812860534763,-0.1099972761360849,-0.03397122385371809,-0.7046808999610134,-0.028971142535598182,0.25136016237787107,-0.40094060693078026,-0.21243762843069192,-0.5974655121352677,-0.4745659731168992,-0.019974804028671023,0.16162972410169096,-0.3638169706741241,-0.1650507824522771,-0.04610497983091355,0.15856325669642357,-0.1521561053622109,-0.22589469579982036,-0.1692241199381872
-0.6738605464082111,0.6746131670621105,0.1312542255167326,0.07835465427351507,0.06421899991974889,-0.024790306563696407,0.06937456464186675,-0.020429202452043937,-0.09791922636923034,-0.21347660380183775,-0.3434115438358726,0.008957243928529035,-0.057149472587003536,0.717758142204066,0.8656651160184459,-0.07116182473345578,0.15700449867608823,-0.38438222398238986,-0.47326114789975704,2.6475079683452476,0.04179051480078955,-0.00019136098394179069,0.035415814958869585,0.4838405529789649,-0.2981372955735967,0.027921094532850077,-0.02922999152355732,-0.18250585132905606,-0.022931742736420513,-0.10998838323540838
0.5794385568134498,-0.4946019120507664,-0.027504037463575104,-0.042008651284280885,0.1806449707330514,0.06403383572492605,-0.2147964616227016,0.004163067438413437,-0.4824851340282421,0.912779991253016,-0.020167905458630786,-0.051423645155236675,-0.09105150168790754,-0.06023858876383992,-0.19181835261619407,-0.07362315580892831,0.03443790394241297,-0.4270062171050337,-0.43789720412670763,-1.1165396726195813,-0.3880183966739742,0.0014547917599140314,0.12809312522196148,-0.4499954360760826,-0.03364575549807303,-0.05205579194617638,0.1644398355884107,-0.2711066547313592,-0.04790702045428741,-0.08498366329255369
-0.760274316191303,0.3782517578310801,-0.09085303334691441,-0.25389478383926745,-0.009297524382828493,-0.5336581071196514,-0.3859121658649448,-0.05651878557645085,-0.6444942286045874,-0.4209424424852751,-0.5662192179839934,-0.07765765711488137,0.6045045614430732,-0.07287823719886588,1.0809422432150897,0.7199250521848116,0.031342930141985303,-0.27851124634846636,-0.1963239822003715,-0.6293708531164567,0.09703850810031944,0.09395464642720874,0.0773152358478778,0.31718488930423605,-0.23763028138165376,-0.12269441505808298,-0.17069444846935922,0.24335430883796083,0.4605984326054927,0.13098868831404464
-0.7104402905066929,-0.7319346005817521,-0.13170616714102568,-0.6530617623363152,-0.19628088921817688,-0.5165246245242929,-0.3759516500913699,0.015313663961445956,-0.24215498493973253,-0.35999927188661085,-0.4200605304602023,0.021584832922657227,0.4306009289925682,-0.29711597499205045,1.0494487822464904,0.18028129619488942,0.021942286888437357,-0.4353083567348095,-0.28314550275140615,-0.8648886430068956,0.000358389576510465,-0.04677473023400358,0.26746845467392577,-0.24574147923457268,-0.2276746396842697,-0.04321482167967172,-0.19281364316876648,-0.4847087571840475,-0.2976619390827726,0.0956601531018706
-0.5215744972697676,-0.9487621060268594,-0.03503462313356187,-0.42655938340032784,-0.2915324218419143,-0.42248940029468496,-0.33094285501183085,-0.1777457566412991,-0.29866135399066407,-0.4098114553455904,-0.48538051750274347,0.007142158604174886,0.16280600048384752,-0.4696701766545529,-0.006914303417611234,-0.12058956938678711,0.09029920198735841,-0.2389545578339658,-0.244415806195744,-1.0581571767806839,0.03192872144346226,-0.026594845275597523,0.05082508523816076,-0.3714600044156925,-0.0974414796512364,0.01457295152652971,-0.070694038417496,-0.18831081768331825,-0.205829809413684,-0.02904780175353716
0.43495239119186224,-0.1409677303552921,0.02109974490702493,-0.4039571009988653,0.11406736570431009,-0.07520769118404347,-0.20294054546301632,0.03206383228918963,-0.30755962529298875,1.4166199073240526,-0.007793745511828876,-0.0889711230562612,-0.08949388251880697,0.21153658003719733,-0.39863419763512975,-0.062096162057850623,0.14554974198153225,-0.16924246559938705,-0.2929399102862419,-0.5123313622325869,-0.04758053163085685,-0.018255789890948115,-0.03589160352286436,-0.6439507893709795,0.34106140901338267,-0.030169333566731127,0.038467833438068366,0.02255417514667657,0.08099653935472284,-0.09903542712185065
-0.6629808271640956,-0.6933915980455501,-0.1241583380781136,-0.5440791700240716,-0.17814740448275634,-0.5530462913132937,-0.4291709478686262,0.06996017995878123,-0.259619749405677,-0.5014942332352851,-0.46627833116458983,0.005675053985937928,0.4694690842211857,0.12326350464832325,1.0019581074882957,0.2529967330459023,0.00814444709619988,-0.5276309389086923,-0.3614040707077679,-0.8183652650035639,0.21682114855105783,-0.09479780677807947,0.0045063439395987,-0.4370446060697377,-0.003853141525992254,0.01523421034545458,0.0021049373406454297,-0.4163072393268874,-0.2966916575697516,0.049407516980250143
0.46090177625900164,-0.17786263559239024,-0.01414367946092221,-0.5201469386130647,-0.04852559062063844,-0.19355502458745388,-0.23372970575999485,-0.11964531526215716,0.2343531725303648,0.9560793121205952,-0.04156879466443131,0.019965969692415153,-0.06272110818294285,0.1892903695946625,-0.3568446054539479,-0.07395232963419096,0.08152616164387194,-0.31339981848204934,-0.23742326416138881,-0.8122987515593216,0.11967134831990112,0.004504126872612146,-0.0548427222904182,-0.47142138140828105,0.19897089987629668,-0.004176615444380749,0.12430429707288726,-0.2974486246898146,-0.3593033211736396,-0.046729442904474894
-0.44061096649821707,0.7250841118773736,-0.019018477749001894,4.1136257556312685,0.2638963172503277,1.1386964135984479,1.8151017347672107,-0.10729878995177866,0.25714476413795184,-0.5714993437399895,-0.2350214842878049,3.7504200411016564,2.1639302938577996,-0.1713019513570484,0.7865316193072573,0.765795644381977,0.076340803596609,-0.6250069094795526,2.781532198737392,3.632169268477844,0.263686403641063,0.09178829337995387,-0.023184771513262037,0.30643469604409057,0.035953390432477916,-0.13755134430843163,1.639648143207946,0.15182003483131878,-0.465466265294875,-0.17452303867032293
0.23799339765051086,-0.7561793622530149,-0.17052867415263917,5.4163151911976275,0.2686126533567714,2.5372444338828615,2.9206958721770713,2.452463211074231,0.22404696424430415,-0.025652596524377236,0.3057044143573856,0.07097878859765172,1.0349810264621637,0.18582004389967688,2.959343913302151,0.6382777471623584,-0.03946354059672441,-0.5284383767925857,-0.23466206465979522,3.8094099850380356,-0.2827153086959202,0.05162443480047607,0.46144312090453465,0.4159657197310257,-0.3846804156782534,0.11655739845603685,1.1789926812254845,-0.21483773629821168,-0.14749107848287746,0.15411986391972332
-0.4282644118839153,-1.0514471382536121,-0.03013017297986087,-0.3579694503994424,-0.14422722077719707,-0.4145057017475178,-0.3885502710917744,-0.11814246281345842,0.1148458023640504,0.119741342392932,-0.3707673360426127,-0.009693995328269867,0.3494373617758537,0.4102250313789225,0.4015471458387251,0.012332772274894821,0.4754059571072884,-0.41238964544011925,-0.2231836118704934,-0.8212123686997584,-0.2186363061438753,0.5058659481006516,0.9356547159386268,-0.3151368759181735,0.7878968109501967,1.0232656313040764,0.26135309696778686,0.08271056668845689,-0.36221150327552054,-0.16656993601296355
-0.5524073940223952,0.21946108889546134,-0.08515312929031005,-0.39479832975737916,-0.020693973130183285,-0.5900838252090977,-0.42060941919469463,-0.07648342672935315,-0.5107134828532321,-0.30035984374705005,-0.5015780569601987,0.02282476858965221,0.3772091742811162,-0.13410071532694068,1.2709150088308583,0.6765932459554236,0.012335388701882444,-0.30664871332949417,-0.29805957896435853,-0.29029446050554,-0.023628397894370434,0.08588391030195919,0.10163721323505248,-0.4580875088158395,-0.26939335360912486,-0.048832871782913956,-0.34485087490566035,0.5045551238595308,0.810619663201794,0.3010851824486548
0.15118851432198854,-0.15444065501724458,0.0018755798064378215,-0.3153845853021676,0.027661046029488157,-0.3414910920680342,-0.10718291237692112,-0.44457268741670497,0.13089585239850532,0.8368687573169437,-0.24740004945314376,0.03530197983322625,-0.06616933259279567,0.15513071494363628,-0.39627996229594675,0.015616772034362736,-0.0001656669371868924,-0.25663885917222196,-0.013859523439759602,-0.8892964012588769,-0.5705070951770617,-0.035835829188238244,-0.18032680040753502,-0.6490318489595774,0.08952994192089525,-0.037768548651581524,-0.017690860412928444,-0.1867556837154155,-0.24639450016237163,-0.05263111074446558
0.22251126704743907,1.832040872722917,0.09307868877242964,-0.36144210973514856,0.4185921836511236,-0.48086772062095284,0.09905583106128957,-0.13728279226679385,-0.6051254803130129,-0.4956056362124541,0.15626973340305672,-0.02298037562959232,-0.11505222660115366,0.41756729828330286,0.7070168780439786,-0.11687124509941249,0.05501838898252065,-0.4090634337484179,-0.270273735844927,1.8159069631456475,-0.28929118361035244,0.0367879808568905,-0.013357363543423428,0.8317282826103023,0.0301713141357004,-0.19495250530566677,0.5332124862125621,0.39146099734338125,0.2720186709549395,0.053604166102018125
0.597394083144795,-0.39296797934197103,-0.02042325748581386,-0.04688666485212578,0.04094399089101086,-0.009780728561118446,-0.26554462440554905,-0.05866274775236757,-0.2537350671284535,0.7545175915255865,-0.06473000512309868,-0.013693657376233848,-0.1384628829562624,0.0893274236820969,0.04385997530606722,-0.06368245402890182,0.027386191475009092,-0.45117151693386737,-0.3356545720351354,-1.0858555925158013,-0.6375810533492624,0.014104273142525159,0.1370176990683104,-0.3758147746737842,0.07469162825408393,-0.024200166842222037,0.1618315261681269,-0.22411178639601204,-0.2622580700050031,-0.056225470446273906
-0.5309787158175607,-0.9057121659004375,-0.11599928719870867,-0.24936657007169083,-0.283936406375493,-0.6195977015288894,-0.18933954537411546,-0.1553886293811495,-0.25403311259415584,-0.14290531490852632,-0.495851009157411,0.04211062525487952,0.6225900523243362,0.037521346529724386,1.1286398968306912,0.3042588107449027,-0.09149234103609194,-0.23045491934933038,-0.24181837242815385,-1.030381627880796,0.22304699208337397,0.0645955809804899,0.33368663302677437,-0.29912104700198294,-0.16419045513908082,0.06429489103059172,0.23797445890790792,-0.26716884810117125,-0.26579230178406654,0.033212020132051046
0.15229284614613703,-0.3243452769494458,-0.0019811172789646614,-0.12408036688743618,0.1505065871748199,-0.24017692344433494,-0.20809990432466285,-0.056308195098584646,-0.424043708674408,1.2571460811250952,-0.15626304050302342,-0.14126497316978814,-0.03847748084910396,0.03274250669459222,-0.5012412912323755,-0.06291324370593254,0.04784579217139073,-0.26003660993036004,-0.3471138794127733,-0.7184035547809245,-0.33838601826549397,0.14231645908627688,-0.00303567597370602,-0.43516047491697707,0.1796279983446324,0.013808004917406302,0.05232236814813973,0.06539713791135982,0.4385293144347999,0.02184480161546598
-0.5626275693112989,1.3312835956015974,0.05538784463461022,0.10218947949238466,0.13415887653541236,-0.16453984877587524,0.11415590211399662,-0.031947428757834406,-0.7498213641278949,-0.031440702401708265,-0.2705045580790202,0.05054530012894387,-0.09657073057797638,0.16414774402790644,-0.12009405551621233,-0.09561330454866979,0.08254739467542904,-0.442822602765756,-0.3955162011791036,2.8587752898670384,0.12410888806389397,0.04336342737181831,0.02800646115477301,0.5415391891488265,0.9433051091497006,0.03149667298471426,0.15158998355422926,0.30263416725858006,-0.24108534371325108,-0.13748338232511825
-0.2673535243194247,1.043858693862231,-0.09004483106631955,0.05702924161787981,0.08286289786696521,-0.3140771434908932,-0.10976805162070713,-0.16072954891862457,-0.12684937380648265,-0.48234255983708685,-0.3424913327562178,-0.05810234346373799,0.02512128886832976,1.6585614463691014,2.384130542451489,0.0007980925813521056,0.28581210434534365,0.13593165373771665,-0.2956451200879725,1.6476086900115283,-0.09409681088172284,0.06432046641591915,0.012653371817607617,-0.3142843765971205,1.1824650367802203,-0.023479409503447513,0.5298324734092632,1.0659644686086815,0.27735240160697316,-0.0889915370169182
0.013292408091118202,-0.39774549442572193,-0.04766120753697578,-0.041106125557593964,0.2361859177202047,-0.28878022611793897,-0.005749338762658152,-0.039916588443393075,-1.12604189582754,1.3707637302580773,-0.33919345206209084,0.02058646243078932,-0.07689791398110901,-0.07016429240608046,-0.4477685411172758,-0.053898342745286265,-0.012730471900201268,-0.42192668438611913,-0.29561876223721695,-0.8190173443629373,-0.08234775462359478,0.0634366615828954,0.05842725719950581,-0.4983350502792606,0.016921868659736994,-0.020522004930857762,0.15277891110603803,-0.04166520289467868,0.5364211810683458,0.04706641630278363
-0.31482499292175703,1.5002347671934333,-0.011912135545077307,4.706470631711755,0.3847351144005938,0.5921243523985255,1.4638520221841655,1.5221985725952574,0.6882144498509317,-0.45814673056910193,-0.71182436007052,0.4868694943045583,0.07627064602053446,-0.30360871012164004,-0.9106421959835937,0.5580905848173664,-0.28508756241415556,1.5523355831464025,-0.3111929524957646,1.4971186924296775,0.3716851018679451,0.2539653427963292,0.38436781311384893,-0.671298885150182,-0.08349815835930952,1.7247069659919665,0.4130886726270214,0.37720215605280816,-0.06739683969034294,1.260800685683348
-0.08111948516029654,-0.33362937456035147,0.008043322390248853,0.012984386256685854,0.10240447745554093,-0.24377842880911538,-0.3139306948177505,-0.08258773892661464,0.30906115401307654,-0.5610476555722289,-0.005791798847004204,0.09229392558750305,0.9777086325683612,0.0012573022750163032,0.009365851697484384,0.8047608790846634,-0.17638208947558143,-0.38099557609331014,0.5886856105966144,-0.6399265673277195,0.3194207411082577,0.013941917474693089,0.21519266720964225,-0.26237675843025554,0.08287232966306468,0.09651863987969433,0.1948591919914774,-0.08277946029928696,-0.2716487269283926,0.017491373255062004
0.5559810603704854,-0.2802804450992129,0.02238005363416684,-0.5174675508708745,0.0679844421394371,-0.13325790694660078,-0.22822649527545102,-0.010286110927610448,0.2392890768671483,0.9523626680881366,0.022092074058126965,0.03337955171725493,-0.03985148516384618,0.2013923711778054,-0.15842291293881583,-0.05398462037888063,0.0996203743052061,-0.24305830017425423,-0.285046963127902,-0.9618885314598211,0.10030468175188056,-0.00019683608146447984,-0.11129328112190473,-0.5960082381426118,0.11579895672406582,0.03108303087413722,0.12919962198312096,-0.20479173794983951,-0.16978410520075693,-0.05216106561858702
0.6539230168152982,-0.3734099552589869,0.028876195276903438,-0.1973942576505735,0.12320681692288737,0.04412119378916357,-0.2883495122775568,0.047599863276143295,-0.2941566312551077,1.2673058358679852,0.15219879558086102,-0.12408490129600858,-0.11692656954767544,0.13487292416110186,-0.22504984949541584,-0.07001135111537715,0.09165382292621016,-0.37724607084133277,-0.4120091130703605,-1.2289026020796938,-0.17453616065320599,-0.020885832961177297,0.02074355871055733,-0.3813604729028819,0.2161230944840411,-0.034479600721303516,0.041251019619671925,0.03700279250639582,-0.007257636218739427,-0.09751627535026641
-0.5786713794144958,-0.9651815700499384,-0.028280862891284397,-0.4048100932320443,-0.41641495066742384,-0.38171007527794754,-0.39940464502118433,0.11770180359598714,-0.5000234856211776,-0.4358561246403976,-0.6175928590022113,-0.06697795835369025,-0.07449537595667977,-0.30097960856146744,0.2068217401873137,-0.08355453749532371,0.182437945697994,-0.5025496168330408,-0.4249125937609237,-0.6162982707898537,-0.20918495311380392,0.06411142915391688,0.019604909008357874,-0.3280051796137582,0.17469626070907185,0.07351446629801883,0.049784097826371276,-0.30287065405764435,-0.27995785091145264,-0.08253664887412338
-0.3604746482115506,0.1606018766629479,0.07202094293278505,-0.04770381862907125,-0.10468170421149692,-0.30099774254711076,-0.452611677935028,-0.04991220025027443,-0.8975238670622581,-0.46859523856715846,-0.23137566097101236,-0.052896055033771816,0.07193123329593587,-0.41713685595991135,0.02276214465148929,0.007445463516040696,0.033708697805163834,0.04366103699006085,-0.3486882988073109,0.04383319740090652,-0.3370197586996123,0.03210878157008101,-0.02514071863180567,-0.5780953754971321,-0.16303992603279271,-0.0666660346687089,0.26390483424562183,0.05305466601428033,-0.13278869662924342,0.01814032808243149
-0.6115581362108564,-0.895732748988,0.00576817597897572,-0.34661969396351044,-0.24013697087920038,-0.35483068267410345,-0.5462090243721378,0.32007897431409604,-0.12750479904793532,-0.3293327100286386,-0.39119375014561664,-0.01147959579450053,-0.13415060986095162,0.2812909820226941,0.10966728614813315,0.01778818625999601,0.3252901991219641,-0.46960020698394367,-0.17704198920785252,-0.9540413968753505,-0.18086098472407064,0.1146207106745214,0.0662189248442302,-0.37557088675709427,-0.03110957096224498,1.3552361124038292,0.17043950376071837,-0.07377953704273177,-0.32542565777543864,-0.09687428751171945
-0.15299880396250976,-1.3215410171259965,0.05737617084902635,1.8647059303540772,-0.3038759767256395,-0.40396374874672636,-0.38306406999373466,0.06007168721884992,-0.47677804099075516,-0.12499552039954398,-0.18629651158896088,-0.0609250661836539,-0.057237041600338934,-0.06632549602368709,-0.8923967457871365,-0.08058843061531495,0.0854106690467561,-0.278064505388661,0.0192513998248266,0.5751057508194019,0.14229802352560705,0.04121397621588574,0.18560171238291923,-0.23056944511810706,-0.17812787488845871,0.04604549809292613,0.14327849534879433,0.12792683867674026,0.3821299000512829,-0.12813902200814464
-0.5413850687453791,-0.835274218712857,-0.024918091746907622,-0.4480561118455454,-0.36622634670158616,-0.46041555590901273,-0.4383721861015404,0.1912419594771385,-0.5103570087683339,-0.4388255785390257,-0.6109963608444084,-0.059422429639927055,-0.0677949001336442,-0.3094937353691436,0.25831972545789583,-0.19938077729282078,0.028586138636356506,-0.5495215349990332,-0.529613414724888,-0.674540355583966,-0.25935498229692655,-0.0152928180099009,0.023968570393515187,-0.3886725491607893,-0.00842254427109801,0.04904982273892433,0.24347316055389878,-0.40584388979096675,-0.07760716482900487,-0.14764085373539215
0.6801441963568217,-0.3302516462976579,0.016398491725287734,0.1077815323355481,0.042376442560238536,0.02940996270124563,-0.3312321536299978,0.03709566540381104,0.18501678151372747,0.7720629508960927,0.24406688265240817,0.042666795845951566,0.029265426696169605,0.0691911778138562,0.11784483178050009,0.05619403874993245,0.0980787175616481,-0.3545284684816731,-0.2632697576686447,-0.9105936723294653,-0.8320176126774124,-0.030434890087806865,0.10318630075630475,-0.3229430742220587,0.19302934258597948,-0.09240940364486139,-0.043023662933196705,-0.2834633349592337,-0.29431212979289434,-0.042563305430136866
0.742335515011123,-0.4284842183378248,0.022621801712121137,-0.06229323829732869,0.08576699880110095,0.1752194244628612,-0.31259290245220595,0.048291132920695756,0.1628262213134295,1.1100429424404963,0.24011750055973502,0.06501627580755898,-0.05146731834961216,0.09101001176393952,-0.12504471741440915,0.09235699595428626,0.12100440682589075,-0.1885777221946846,-0.2687765837457182,-0.6886391995379924,-0.22093757858166518,0.001282099177197682,-0.1267949947209629,-0.26434513459763853,0.24029805460337805,-0.03499452492812549,0.09117539551818665,-0.1881375220109297,-0.27587978824994486,-0.059439085198303876
-0.7504682719245401,1.0221033171366205,-0.06424213740553875,0.3948656561169498,0.17308018490418842,-0.24180928244481936,0.2105554323662674,0.24444265218655503,-0.2726221204831797,-0.13542913538221824,-0.3557802566798317,-0.0019444119707258123,-0.12173623828802316,1.389064721667047,2.5752754112849736,-0.12559967191614452,0.15801084653822628,-0.6995925255537417,-0.42542691858050175,2.3107062140119963,-0.07226346037823173,0.0682095942262263,0.17477501407656593,0.7382480966355472,1.4484571344796942,0.00798832039431796,0.36722655532045334,1.4226927036883492,0.32591055221416354,-0.0106743105548317
-0.5354202408406311,-0.7088861483007194,-0.18560274841539842,-0.49679072860310075,-0.15406162228887021,-0.13063683906734985,-0.4573192562327705,0.14126945394899637,-0.6208956937856794,-0.9241586452504756,0.024738241971635988,0.04412143003350061,0.12997670499964997,-0.23341518860444554,-0.733782607209864,0.008341940126468717,-0.36887542020322406,0.46414573647404755,-0.08085273764093315,-1.7741451385589175,-0.46636312834965654,-0.11993923723510858,-0.10843803019430437,-0.1975043519588907,0.07957806987842364,-0.22550121158210945,0.05278580496040197,-0.1490278230277431,-0.2456957241820934,-0.12846744388789966
-0.01610402964694535,-0.33665621660596656,-0.024328533528509833,-0.12280482351914657,-0.01571277612319355,-0.37311430000131784,-0.23818406303624828,-0.09873827414538561,-1.2683384206602273,0.979111339805747,-0.2870530329179233,0.05445726734063494,-0.10020826552244866,0.049884255019505,-0.5932571412132006,-0.05600988043944155,0.04290334333200818,-0.4645164174804265,-0.3081968441054628,-0.713507486446784,0.06275143843224795,0.04201431115647536,-0.02582472533291269,-0.5823042267563968,0.034250552228194286,-0.023949872212946532,0.04553733122652748,-0.13606345561459954,0.23394800485703449,-0.02978909902109872
0.21369911342055525,-0.2960742311633383,0.017348030549220295,-0.013028460178431733,0.04354617892257029,-0.01204478090808192,-0.3519569645868331,-0.2247603809288461,0.35804502153301854,-0.41185838945253306,0.21390426818337382,0.046796504368408876,0.6072404610088227,-0.0020339701262628296,-0.32705031586673095,0.471514884873953,-0.14195696904489308,-0.4406719185015945,-0.012769016058942206,-0.38683562265074156,-0.29759580767412497,0.012098379797938708,0.039601097703953814,-0.5069883147320686,-0.13342378595237492,-0.0626786843851449,-0.3004664263420883,-0.23331325925114044,-0.2631366621887977,0.022125926681038965
0.2076491369637189,1.4683085667763642,0.06907347107820994,-0.3677834619744196,0.44377974190830316,-0.2736914156368756,-0.15752395887068782,-0.016324670015519627,-0.49237735112059244,-0.4511180330108303,0.0754916892474079,-0.02773972330052199,-0.05825401107657957,0.500528664815087,0.4776850412062317,-0.07511877100422304,0.030135260151862076,-0.49846784909719744,-0.3073228909312069,0.6774591200391706,-0.2215894583955499,0.06942130840584382,-0.06577540920669633,0.7528523659682437,0.11457019225721254,-0.11980706483145132,0.5260448707228529,0.2814655607969071,-0.09914847753751388,0.03535121386593765
-0.7076383223206526,-0.9613153793443762,-0.1241010512242453,-0.08252799946338973,-0.43880065168452137,-0.3257994373299751,-0.3906589435469627,-0.3662156294202186,-0.864619061896065,-1.1864861306976837,-0.24987980414645922,-0.10918297046019648,-0.15787146375714528,-0.3932451903767243,-1.1807825998109458,0.06431501724008537,-0.3643466360851601,0.5030198407952418,-0.3221359224009516,-1.461367585463414,-0.5639637352935397,-0.009981390974945714,-0.13176646976409384,-0.7929276093030742,-0.1494985452936194,-0.008345675452692214,0.08942797666691116,-0.29496023185136827,-0.1245250888121085,0.2924506873013483
0.06055392859022524,-0.20565054947558603,0.004993069968553199,-0.1489791467999254,0.10607955531154034,-0.039436294905609515,-0.30815872342880657,-0.05091107758083535,0.22970333001195908,-0.5124501822148108,0.1307947158920274,0.02386242450116216,0.6720429546961151,-0.03999226682170742,-0.42708840612264976,0.4228755676988779,-0.14537165537630015,-0.41512909194823056,0.04299368562074457,-0.8907172010905996,-0.6548224615019351,0.05975185592464094,-0.0351605290284186,-0.3817987229734823,0.06017508245594283,-0.03759840575939255,0.19623333157613987,-0.1902048570964977,-0.2898213256133757,-0.03300157858957242
-0.48443650916308634,-0.7492254996928801,-0.0010202066544749977,-0.31240655593917155,-0.18070688577329308,-0.5901796621254989,-0.5317589436698456,-0.18742696837470751,0.0037339806378854368,-0.12326836635580962,-0.38672924542065157,-0.015214165035997929,0.030257838973144935,0.33309003854960784,-0.05639747937783668,-0.043261620267870504,0.10806870043901406,-0.36900848271388187,-0.2371023636256514,-0.9086510891976226,-0.0229032858100765,-0.0571371519975884,0.45089473478918307,-0.3404963861027176,0.043373487553151735,0.2566933322086803,0.03469188341901419,-0.09541618756063885,-0.27753111523148566,-0.09693544260000264
-0.27565467927631804,0.713006465070157,0.0337282595298819,-0.007869409848708764,-0.13616041218753117,-0.26305805684432104,0.12554435065205916,-0.09223088172987837,-0.06350381026108953,-0.7129297298421984,-0.5247279995491139,0.06006881372424244,-0.01996437420304198,0.0774382471424373,-1.3110176410619778,0.17851967187472195,0.03691362021800437,-0.35341394212807875,-0.1561536013629874,2.2578443288025687,0.08677891739806953,0.06599973460503739,0.07020654668106674,1.6417057741390373,0.7698162520010272,-0.30968993602962636,1.4609359736458463,0.3559751746983749,-0.04507692548748199,-0.1603775456160198
-0.5920208243019062,-0.827929248652032,-0.03341587938378998,-0.43248408199403443,-0.24744150309313684,-0.47059095599681333,-0.40854760400238466,-0.12739249573182465,-0.24129204475786847,-0.4790749192417273,-0.44922860037928014,0.014561757182076307,0.3435968257100924,-0.4335080529406843,0.18665215267753266,0.0833701610207217,0.07449165451256434,-0.4306071105217457,-0.2380336789552301,-0.7211002527252988,-0.0629069491003692,-0.0077299085021655944,0.03811381084234977,0.06213270275687044,-0.010282301508218072,0.0012071482775096731,-0.07508311999867057,-0.4265737923483869,-0.19769857123221102,0.05479968493581411
0.05292065867330209,-0.42233399359344037,-0.03134838650435101,0.0784112029842432,0.24512509982183683,-0.35243798762481615,0.09448227790270203,-0.06893784362419109,-1.1942712132132245,1.5236726889920948,-0.3435648374746707,0.004864480479791378,-0.08179062210758403,0.05300622232531815,-0.4322013353748686,-0.0758704155947415,0.055699666838574524,-0.46674446896876165,-0.30043302292643426,-0.7214368971235146,0.21813874552066348,-0.034384781070531334,0.015188418029602135,-0.3692158645304241,-0.04051470909539712,-0.024713650098508122,0.06110368902104135,0.004305584667074092,0.4489672626178117,-0.062039250832148674
-0.2757454072301797,-0.2008302524368999,0.030068940712717818,0.06876461319374327,-0.07970004148873056,0.40765227076631616,0.05393161310253258,0.3706953211177577,-0.587601394508255,-0.4016664285936805,-0.4008898122820459,-0.06462150750985318,0.1006348323376196,1.505360578662394,0.18962252876902397,0.06241692687710165,0.6976996898044042,0.347981192056129,-0.22400154598666266,2.346041886756286,0.3711653269109009,0.017521342982867782,0.31038108493208394,-0.2922138235324411,-0.14077096419815993,-0.014993232859789929,-0.28785944185023016,-0.1507699081934707,-0.5455686299011882,0.05054845438649669
0.4994425233758393,-0.2571051537924761,0.0026241419419017475,-0.3751598280207532,0.19460684731618172,-0.05020368737965741,-0.2050084387283031,-0.06894318817739686,-0.36262273494992037,1.2377392798669575,0.10825380820158048,-0.15194696455566836,-0.11042934201199672,0.0513884276191332,-0.4007313107321535,-0.05394412296157802,0.051242672648058596,-0.21600221318131252,-0.4493867540065284,-0.7271606140342441,0.04011795147437758,-0.027927347317185935,0.16263461728845485,-0.5969953467945616,0.43011013579654733,-0.056571739114813835,0.1913431656868988,0.18281083241977003,0.3344031349811515,-0.09964683965381682
0.49168517888034124,-0.2904031608263934,0.01703486516413877,-0.2781427687197209,0.11030914436489148,-0.04773342451768481,-0.23312123919736372,0.027634667326369988,-0.39598565207015024,1.0810933199509845,0.18846599183395762,-0.11857996095924095,-0.08486150229899503,0.14954279771419143,-0.4663646252118754,-0.06549088004871151,0.06900935075619519,-0.5644135344571922,-0.40204243562423925,-1.2056706478995678,0.05323828828449484,-0.0345796041090789,-0.03381579966823389,-0.4531225858707081,0.3001503201273902,-0.0027831470204957576,-0.013433322433830663,-0.0857224890466951,-0.08230566143234075,-0.08854511023322198
0.6494294950114898,-0.2999592149974606,0.0005453701765900654,-0.21769397174800098,0.08190400433922063,0.08307133604788108,-0.28971054428349774,0.09030052186783732,-0.23430744337212517,1.2548647564193036,0.22402802214518835,-0.1115177649882938,-0.12156930706074365,0.1568927171273783,-0.4539704161329875,-0.024942671793297566,0.10092319568537989,-0.3318827908498009,-0.45848881487001303,-1.1354590405794551,0.060330844386317195,-0.02311721414878165,0.013709916884502404,-0.5763598106965098,0.29424027240661565,-0.04849459496152264,-0.19250477124294352,0.04060883024386297,-0.04440684657901017,-0.07404081441332411
0.6154432654953956,-0.3122409962520385,0.02975669751742882,-0.45306427559428564,0.09723781297641076,0.05558340338205836,-0.2144330989011919,0.08416612244797317,-0.2573142791366665,1.1021832746083973,0.2543288068049564,-0.03608474727696509,-0.11947148478615144,0.2802718708741261,-0.4612240045882998,-0.07502400284897637,0.07081049637166237,-0.10177257970775122,-0.2882939211035316,-0.6707223439086326,0.23538945532251854,-0.017154932613929197,-0.0336426544159556,-0.2506056588984755,0.3035165891247775,-0.024267879149232896,0.12750080045029755,-0.12238994450701235,-0.26058502675816475,-0.09872313485975992
0.6670805556288636,-0.28863556017353376,0.032416855550064794,-0.2860298634077737,0.15127671947209564,0.07104868213057935,-0.19875760975233758,0.044981399575887204,-0.3524146779727986,1.2232992380395513,0.14795700104290355,-0.10290998843497445,-0.1317609573761288,0.1357805304662224,-0.37087326624402384,-0.0515696030717947,0.11002110378970897,-0.3269804991167993,-0.40527831499092537,-1.1123900039100871,-0.006608184295447295,-0.01333852774536004,0.03670213230170005,-0.6027853627718857,0.14451590204110687,-0.029919603508226644,0.13162936768564049,-0.13358350740653013,-0.0782981280990982,-0.08562303149967165
0.44733139448723935,-0.2766996911687052,0.028745985183631362,-0.33648769104648135,0.21582437375604535,-0.06937677434753331,-0.2935728397441115,-0.021332138696347203,-0.2921930946035076,1.31352166016875,0.014159163049614953,-0.1002549400701862,-0.1030901281663017,0.09825731004633109,-0.37640168748216074,-0.07389429594084318,0.11045321023759846,-0.19185480984959513,-0.29521930124303297,-0.44143128473698023,-0.01657306663001834,-0.01110489753297772,0.050775389959133665,-0.5094872144487677,0.37227973862899977,-0.00838379930808908,0.141353719654706,0.21491051415368756,0.339301847011783,-0.0725788769871939
-0.3320537344938901,0.9481547562442699,0.052638032449003336,-0.4391904958364645,0.091205452351521,-0.502119147220912,-0.2715107619935555,-0.11420497445584443,-0.7791336051603258,-0.4710047246063451,-0.35029469272898006,-0.016003877229665897,0.32077202710785657,-0.039445143151937034,1.2293083016727981,0.27781890684500543,0.01921544909597095,-0.3313884569466393,-0.2856219017653602,0.5900740234592121,-0.17620800107584267,0.05648726247280356,0.03394455621055448,-0.21587552404989507,0.30290891071587744,-0.042106071172836046,0.2237874703730306,0.41828313688819685,0.41335331184535873,0.09898620568016414
-0.010898695266965297,1.0250934529599975,0.09870429390962665,0.2954556197582988,0.05454684262892229,-0.5144097783084602,-0.4933400410742106,0.02051455712304795,-0.6190562369886261,-0.24355880101149308,-0.04056652681125228,0.14378375887362993,0.052381171027589324,1.0724513787735914,-0.10082343594565446,0.17002618776797385,0.30639054458932713,-0.1879517203233504,0.19163750981128946,3.05879031266003,0.11994024073908616,0.09094467095385261,0.002262928676276199,0.506426552417062,-0.07422174390242398,0.04138286860646412,-0.38272469240608553,0.21529333033538456,-0.23113821333194018,-0.07364686313709534
0.4350664581785454,-0.5060166476402918,0.023290934818633646,-0.3774887902090883,0.21790156271609096,-0.03889532576651389,-0.17619696184301592,-0.08360879343426986,-0.3793066366790576,1.1892450728839328,0.18737984745521197,-0.10721361022197662,-0.051814658365587296,0.04087599539933939,-0.36241529488085966,-0.03336933149225152,0.09640820840427833,-0.4709796356653626,-0.5127524261459481,-0.8978527998131285,-0.28590250665350836,-0.013670491698197007,0.021305164894160122,-0.5203700803882242,0.33816207306589097,-0.0637056802928484,0.21258821586058407,0.030565981876201187,0.21882397011822308,-0.10190986528150892
0.06287959264033394,-0.4182813619991762,-0.00927061154269937,-0.04525648231219348,0.26516963685444783,-0.2713667294883666,-0.07150909516666104,-0.06469703876809663,-1.341380133631315,1.354874088923367,-0.27774214923029505,0.033352905653494136,-0.07497438999021,0.021076132652379065,-0.37922178131961226,-0.06714164081682839,0.04121263070268677,-0.37384160455815996,-0.2761219682403334,-0.7875131778371693,0.17994954622800619,0.02604121483944344,0.02307161905735966,-0.5708488633244833,0.014336831794538485,-0.021033055141823853,0.1617034821017257,-0.02214256608001519,0.41160544642564845,-0.10391524414058861
0.4111489811936542,0.198769525937332,0.05045750217016254,-0.48457623810625416,-0.0860580848656386,0.1956416854606433,-0.0822163682243846,-0.05274447056472298,0.5831525161141807,0.3412314286061592,-0.38156164814125804,-0.07308830722568105,-0.09895210229745133,0.5200922024232991,0.55404274745879,-0.10107318847572899,0.21384951203117553,0.19711329519074816,-0.4679819722052506,2.7312117788499988,0.23945283487557156,0.03488986785140591,0.005139970426630058,0.1498833032952539,-0.07579337689300114,0.006461842299510412,-0.21216709440252357,-0.7721381989207465,-0.13736462448886044,-0.13422084772455156
-0.17971879766878007,-1.0062550838800537,-0.09863599574358939,-0.3500569933280646,0.08319824710297175,-0.2362522775817929,-0.2943322468455689,-0.1988018728599631,-0.021286742544487924,-0.5111865263355111,0.44837054530483356,-0.09201386483281049,0.11813899512386905,-0.053323474423842776,-0.4722561041345764,-0.0004309884892643723,-0.24942889819023717,1.2967467470563396,-0.19892716185607218,-0.02785267362883137,-0.5465959598690433,-0.08811873304979234,-0.17969624839839182,0.9077463303882105,-0.32768727387920604,-0.35125338517238935,0.02987243338418266,0.029449660497570584,-0.14465163332206565,-0.19319993710270744
-0.03870318675541151,-0.23741265901174857,-0.040573074622764715,0.4176421413520748,0.24077344342463913,-0.07811124169331984,-0.26940490522805816,-0.21849920181589444,0.007344862314843437,-0.34288825920399546,0.20774121683815716,-0.05101228844743688,0.20502190153629674,-0.16234663454613396,0.2926664102075598,0.34881640272967307,-0.025124015177456882,-0.409488249390652,-0.3111585129080303,-0.20048543762607718,-0.28088814114702376,0.0781510890277507,0.04420722191762705,-0.5036498173070477,0.106298523928678,-0.04150120885839503,0.15839881308210413,-0.11840644174461512,-0.12510830458678224,0.06915687512067947
-0.045646671222236535,-0.6050527671812403,-0.03242792883196455,0.38877342314488317,-0.11862161590136477,-0.029239216743564667,-0.25485255718194755,-0.08739347240083839,-0.5887551353089551,-0.31423415383410025,0.28015624440025644,-0.01744328686746599,-0.06695498232248642,-0.1016602335531347,0.17230962750205625,-0.11549526872061477,0.06212671187457075,-0.39536715876995054,-0.23542958413312287,-0.31009361848111094,-0.227346596150925,0.012135815946162087,0.05748631067228138,-0.3171334528963078,0.04970349072155711,0.038486053268749765,0.14976153616131016,-0.16814882489282668,-0.13441403729015033,-0.07933490641726515
